ASM,Contrast,IDM,Entropy,Homogeneity,Sum Mean,Maximum Probability,Dissimilarity,Difference Mean,Autocorrelation,Class
0.20495344551643208,0.31406955789164864,0.08560142995809034,-0.15173005945119483,0.15913635700991918,-0.7696164826339346,0.2177037054076236,0.44891089066224943,0.36318206982084383,-1.0937254216200147,1
0.8585406389761338,0.6625638738762059,1.0584144573868053,-1.0241046369763585,1.0557157667541934,-0.4826371120281567,0.8195701895519405,0.307531557349504,-0.23175810962781754,-0.2136038526374958,1
0.513825841485596,-0.44025623640780376,1.0160222989568803,-0.8629359995742717,0.9958295754243979,-0.17592599274873766,0.49857473134163877,-0.814454831820444,-0.4263853802281256,0.011911296332309921,1
1.2027021068717172,-0.6395117142050263,1.849328054943209,-1.5791891673946097,1.848786142809304,-0.6913029101779218,1.1271908370034711,-1.0485790077863488,0.36318206982084716,-0.3605643136558738,1
0.8922746639374284,-0.7391082576943189,1.6268814455460996,-1.3249358011077548,1.6693133896364487,-0.5163753351488937,0.8195701895519405,-1.1492410931050243,-1.147390950861077,-0.3172361454980001,1
0.884165523321735,-1.219039231614212,1.1601249499252713,-1.2476466429222175,1.1278911373592504,-0.3917483836816909,0.8329450003106983,-1.3833652690709324,1.358435158117863,-0.059556916735901286,1
1.1805116820809962,0.33784045979356,2.122861201156266,-1.6710686261849628,2.1786430764042337,-0.8138851208499277,1.0335671616921314,-0.13809610125227006,-0.9616103743789679,-0.6141490093776171,1
1.1876477258228137,-0.017267282966861332,2.1552123458244985,-2.0000589362202508,2.186621994950639,-0.5414234098900411,1.006817540174607,-0.6052134185175803,0.36318206982084994,-0.2263893986464638,1
0.9065562915864803,-0.5378978675797028,-0.2536771703157643,0.0005851635320804379,-0.17432397682698655,-0.9139751827747851,0.9934427294158447,-0.36995820788517564,0.6020428110121292,-0.7938882941296164,1
0.876256726180071,-1.1714558339312928,0.0012653510851426489,-0.32062874427025423,0.007975214550493373,-1.323945712211599,0.9131938648632715,-0.933213471803152,1.4469020992998207,-1.5065795568182612,1
1.111975133630212,-0.42898429517347525,0.2921890690698141,-0.6568295956243422,0.3388879999108682,-0.7963003500112464,1.1138160262447,-0.461572015871837,0.44501399041415257,-0.5344917302286755,1
0.3898227712234457,-0.3487704993417388,0.39593284233500153,0.047763336089640306,0.39773969294418127,-0.4764006526028029,0.48519992058286765,-0.33150302922410196,1.5574857757772707,-0.41726175257433284,1
0.8180140162285131,-0.9240138472042954,-0.08716290323952647,-0.20210533303915731,-0.019298717802235035,-0.5675960920685555,0.8998190541045092,-0.9354755411361544,0.3631820698208473,-0.3158600214458764,1
0.557386236840029,-0.4287971227175581,-0.14822062799834268,0.09531925174947437,-0.10933263533798436,-0.9209273014784515,0.6055732174117319,-0.09172367992569257,0.3631820698208447,-1.0284272073757166,1
0.11221349736915966,-0.8429889707302346,0.0682685219339914,0.4148818052402466,0.0979328128978619,-0.2991216256593107,0.2310785161663858,-0.745461717163823,-0.14992618903450525,-0.29742898291155373,1
0.5699983355387932,-0.18967391180925233,-0.41374493349283703,-0.015603124119506819,-0.3678058404009845,-0.8397510919091574,0.645697649688023,0.01911771739149959,0.2525983933433955,-0.9043983873244597,1
0.4003932745201484,-0.5334681194562513,0.7438314743268809,-0.13028796897677583,0.7592657996156955,-0.36158845695253916,0.445075488306581,-0.4955030558668863,1.6437410434296782,-0.24907288609599118,1
0.837075266758112,-1.4323118466659277,0.09933881183756464,-0.030045188848931568,0.17338379811082644,-0.880748144852839,0.9265686756220337,-1.2917514610842724,2.254162937585183,-0.7910965670566392,1
-0.05732478249148174,0.4447575260033002,-0.13176117801188994,0.29317535703913433,-0.19113652815588264,-0.05129904128152829,0.03045635478495277,0.4195039893331988,0.3631820698208462,-0.06320872134145868,1
0.5661441087049865,-0.8952308828716199,1.0513883617986732,-0.6245432623336726,1.0696346442355826,-0.4508413926628579,0.5921984066529742,-0.9875031357952454,0.7037797933713784,-0.30753841882733607,1
0.4457281406446007,-0.7961126689919059,1.3351040151897013,-0.737931035589359,1.3030936211633293,-0.5082986090078625,0.4584502990653477,-0.98524106646224,0.4870357874755849,-0.5175608925052908,1
0.4009466041150981,-0.7549763225684728,1.279871199360201,-0.6404825219550304,1.2948169143525343,-0.0508900931224959,0.4183258667890611,-1.077985909115398,2.4421551875968457,0.17686852722921398,1
0.801786194831683,-1.2704076722946331,0.6010288995574544,-0.6465996085163477,0.6034048707650178,-0.6904850138598417,0.7928205680344073,-1.2046617917636249,0.3631820698208453,-0.5794751951459775,1
0.18554874903134427,-0.7427061282359019,0.5630691960466572,-0.44391592904233823,0.48105153448802107,-0.3811157315466674,0.16420446237257702,-0.6889099838387303,0.4870357874755837,-0.5002803839161978,1
0.43584452925887845,0.09721986923789062,0.12825455807477354,-0.2798522104355521,0.10669669784190365,-0.8005943056811532,0.48519992058286765,0.18085567470128608,0.5998311374825813,-0.944652835775714,1
0.7194354868379301,-0.351557289241001,-0.0567078219339239,-0.04693483161598761,-0.046098707417753584,-1.0372730527251146,0.7928205680344073,-0.15732369058280843,1.6857628404911067,-1.1203765454247612,1
0.02233559885094546,0.09066883328066908,-0.09262458484877498,0.3831762455277861,-0.09565904589325122,-0.16928058516435152,0.09733040857876378,0.24306258135889233,0.3631820698208445,-0.1858867966776157,1
0.3731274817205417,-0.4269253981583488,-0.016298989718932365,0.16605272067921606,-0.021951387777250822,-0.40871973228181807,0.48519992058286765,-0.3835306238832005,0.36318206982084594,-0.31595025908863633,1
0.17597996310482145,-0.057987690599359314,-0.7639502278666543,0.9277716621421679,-0.7960009738794129,-0.4937809493619756,0.35145181299524564,0.2272280960278651,0.3631820698208488,-0.5304056569673157,1
0.536741318849011,-1.250546595027507,-0.3873927502328323,-0.20427278159498682,-0.4001654854654252,-0.5861009962650907,0.6055732174117319,-1.0293514184558212,-0.010590756672921997,-0.5252339120664681,1
0.34240814903520134,-0.41174363228923677,0.2668516742878299,0.2881958836093828,0.284345113623014,-1.3548212982190613,0.4049510560302989,-0.0215995306025644,0.2747151286388867,-1.8267145140776333,1
0.0713434286660476,-0.017038516631843234,0.22821047397598299,-0.04643139385389455,0.15890073725375137,-0.05876234518399669,0.13745484085505486,-0.1969099039103682,0.029219366858956795,-0.01197911958916441,1
0.04697784615723216,-1.2862965341083374,0.4260033267571651,0.00685649535872185,0.4327002063345861,0.05236931703490343,0.09733040857876378,-1.0644134931173777,0.15970810510234165,0.15652557863885055,1
0.7911775308732714,-1.032407496121854,0.10197018090527098,0.17845884097246126,0.1434582531103202,-0.800492068641388,0.8998190541045092,-0.8495169064820081,-0.06145924785255066,-0.6435185421705992,1
1.1097713554158302,-1.851037427499795,0.49549295492004125,-0.7395091371707774,0.5723792933157449,-0.6435582126100932,1.1138160262447,-1.8278618930062036,1.2235230728153819,-0.2790064041562422,1
1.0405956158812273,-1.0465078211345367,0.9120955781153098,-0.749112851318957,0.9392115094999036,-1.317402541666976,1.006817540174607,-0.9105927784731116,1.2611215228177122,-1.3937035454272302,1
0.604438332741931,0.1128799647165778,1.1190044211714352,-0.33702583260268015,1.071884266062266,-0.6778076209296234,0.6323228389292608,-0.0035029759385362966,0.14201471686594933,-0.6213200820509355,1
0.412442503458529,-0.6169678317363718,-0.26090755477936306,0.41958538083886365,-0.20638137376946894,-0.9565057913148594,0.511949542100401,-0.2975719892290466,-0.2605098655119581,-1.1702131035669074,1
0.7211050157882251,-0.9509666808568589,-0.32983669611495914,0.9367272428833785,-0.2619598640377786,-1.0986152765809805,0.8998190541045092,-0.7635582718278602,0.36318206982084594,-1.1396479220073215,1
0.4912156494159466,-0.9082913609069673,0.14340236064464504,0.15612744633955952,0.1937697279889362,-0.662267590886137,0.578823595894212,-0.797489311822917,1.5663324698954635,-0.6598515555106936,1
0.02593224121814373,-0.588455227617804,-0.8979418878187733,-0.02554657653610323,-0.8436187199821347,-0.023797277586142807,0.08395559782000381,-0.3620409652196583,1.2102530316380877,0.02628446086863619,1
0.5682334049342029,-0.5623134746075648,1.030591653419555,-0.6226277217816729,0.9902858857589836,-0.44491164435678443,0.5654487851354453,-0.7861789651578915,0.8541735933807086,-0.3152311778728695,1
0.49734043562215513,-0.36752933881288957,0.12124487195776085,0.3099099264900812,0.17029800453941737,-0.6217817231412508,0.578823595894212,-0.20030300790988537,0.3631820698208426,-0.5764155750710505,1
0.9451176402554767,-0.5189726525921775,-0.25007272843372463,0.05695913310027781,-0.19772930097767233,-1.0170301188526691,0.9934427294158447,-0.2048271465758886,1.8184632522640432,-0.9289514859349798,1
0.6673843442505913,-0.822212828123053,-0.0493943192294117,-0.22692266512423304,-0.06062647794278185,-1.031241067379278,0.7259465142405962,-0.5927720371860536,0.8431152257329632,-1.14812180064802,1
-0.04250890557832861,0.0609708036079417,-0.24089258889594423,0.5374155811761422,-0.25423784698869073,-0.5350847134249354,0.0037067332674306022,0.3199729386810261,0.15528475804324443,-0.8439476264523306,1
0.764760812796963,-0.8265593884883196,0.26108318005388426,0.07026962766598432,0.3183396762460755,-1.1599575004368725,0.8195701895519405,-0.6142616958496004,0.22163496392971016,-1.272661027366149,1
0.6237476275727164,-0.38110974033690603,0.3619161262417398,-0.0332984710145282,0.3987503554183052,-0.785054275637658,0.6724472712055474,-0.2579857759014823,-0.07694096255939446,-0.7792726159283584,1
0.3062890827163442,-0.5307437203756272,0.0399731043332,0.11772966597127978,0.04824899672915433,-0.3171153446570221,0.39157624527153667,-0.4966340905333935,0.36318206982084333,-0.2514134249551552,1
0.6214293673731645,-0.8378313297226436,1.193284959785966,-0.942747007531153,1.1318177802970397,-0.1795042891403339,0.6055732174117319,-1.0689376317833825,-0.22954643609826855,0.1274916170798959,1
-0.03770066220149217,-1.6408011656218993,0.297245706775914,0.07593522097433938,0.3229973312859876,0.3183900944899211,0.057205976302477174,-1.648027381032389,1.703456228727499,0.5282623679269228,1
0.08938388149461327,-1.2742966999898742,1.8092828438168462,-0.8639376986706634,1.8289060478481538,0.3976238003037769,0.01708154402619057,-1.6423722076998815,-2.9255764686184196,0.632766018025362,1
-0.1063326123065767,-0.4639023566724379,0.7900254345582872,-0.5578531861310408,0.7811717180107481,0.48708121009359984,-0.1969154281140069,-0.5758065171885313,0.11547463451136529,0.6334709996094366,1
-0.013201517376658024,-0.9066068088036839,0.8754933966466175,-0.21064101473876942,0.9245758891800184,-0.12071799127844066,-0.03641769900886047,-0.9795858931297264,-0.037130839027510826,-0.2365213939729361,1
-0.40191555783142746,-0.05742617323159554,1.1895201267212063,-0.6854795354226885,1.1456355381906131,0.7182391569905267,-0.5580353186005909,-0.4525237385398154,-0.4396554214054172,0.735794846649891,1
-0.8808223222635915,-0.42282840106764463,-0.28163211404295246,0.6026596545479075,-0.3157633248006811,0.8861123762761253,-0.8656559660521304,-0.3213237172255897,0.4804007668869373,0.8375180493806923,1
-0.7542624876661461,-0.6429640061697824,-0.006363195017791018,0.854882009004092,0.01069742307046324,0.6829673782733925,-0.6917834261882173,-0.5418754771934714,0.3631820698208427,0.6261222715769419,1
-0.6991775724719926,0.5735945664952946,0.01670963730514374,-0.1289489590761045,-0.07359591058474896,0.9370264220765046,-0.758657479982026,0.35729708267559257,1.0067790669195853,0.9630978289169426,1
-0.8470501366405746,-0.13468680364769514,-0.0387459408793163,0.6380163166757914,-0.1339571430610043,0.6743794669335768,-0.7720322907407949,-0.20030300790987932,0.5799260757166367,0.5295933731576743,1
-1.0455046579202378,0.5989044419236617,-0.11510515070066511,0.922731643939993,-0.16129168305338037,0.7422648613340811,-1.0529033166748012,0.6683316159636283,-0.17204292432999954,0.48820813424554643,1
0.022297438189226856,0.1357981920970762,0.7343079161901277,-0.08626345490572669,0.7405949341791599,0.040509820422767455,0.057205976302477174,-0.11886851192173624,-0.5037939537623393,0.09057032155818792,1
-0.42441126791591033,0.7928359031969257,-0.010015909057889922,0.6187430478471134,-0.044856610549916534,0.2849585824884687,-0.3172887249428712,0.6310074719690649,0.8563852669102564,0.22313787855589318,1
-0.47057612843279795,-1.23241166374276,0.35996379687680685,0.09245433241357306,0.3573535911924892,0.7752874251764923,-0.4510368325304954,-1.2759169757532451,-0.15656120962315695,0.9204577227851385,1
-0.31704624616409094,0.4140196493532312,-0.03482631387337051,0.32437969360472074,-0.0648770331095953,0.2764729081883986,-0.2504146711490579,0.34259363201107107,-0.4197503596394784,0.2604906228070582,1
0.38565371893043726,-1.5481300030016705,0.8707810475936066,-0.6937619228004441,0.882525169810954,-0.03453216676092278,0.36482662375401226,-1.6344549650343672,-1.1496026243906243,0.1691560286993148,1
0.5008416763350508,-1.7659987416932168,1.1845526943210283,-1.3079748908101618,1.1795300529821775,-0.03473664084045099,0.4317006775478233,-2.163779188957282,-3.122415412748274,0.17424599573642133,1
-0.241736180257847,0.14492804855808875,0.31285213685530266,-0.19059658995260959,0.2686313092320411,0.38044797762411936,-0.2504146711490579,0.05644186138606756,0.7590716316101008,0.4497217796071721,1
-0.2318811893684191,0.8450778153383102,0.6632314881882102,-0.3576642390857829,0.6009535948082264,0.4111190895520687,-0.29053910342534456,0.6016005706400128,0.2769268021684352,0.4635027596128622,1
-0.21830553396119964,0.16449796867156388,1.478646821899741,-0.6218469280794879,1.5451621682798204,0.6745839410130897,-0.3039139141841045,-0.3066202665610652,0.38529880511633485,0.8462203420546401,1
-0.5962296473143694,-1.0740221721548613,0.265998272164334,0.20411341283917092,0.2628508173107153,0.93661747391747,-0.5847849401181152,-1.1718617864350647,2.3735933081808245,1.0921884167419214,1
-1.4786186282873013,1.1577390044838527,-1.494585165356475,1.9712399270993215,-1.5136379496396912,0.9343682590427623,-1.3605239641263362,1.531311066504627,0.24154002569565325,0.628815301228146,1
-0.15879398200741618,-0.03820980109041659,0.45429882467923194,0.25807501568661234,0.3937574554423089,0.16656809044660875,-0.06316732052638488,-0.23536508257143887,0.7104148139600286,0.20365782742444577,1
-0.8844857457888015,0.418179037262578,0.015555386220660793,0.40675062015358615,-0.030600172399716727,0.8631090423301682,-0.919155209087177,0.3222350080140255,0.3631820698208454,0.7557853044482027,1
-0.16945034679298268,-0.026958656795635,0.93964080266899,-1.1818361190053088,0.8513416060759161,0.7418559131750443,-0.3574131572191578,-0.3812685545501936,-0.9726687420267115,0.9068713176966549,1
-0.6484334325485994,0.26833708782838744,0.03832029751751242,-0.001809478303078345,0.04732783209360349,0.8991987173653825,-0.7185330477057394,0.19895222936531268,0.24154002569565078,0.9464151447111477,1
-0.7809367902090725,0.38394727476866075,0.07684024922283485,0.5791538931424937,0.06687667350070799,0.9549179040344836,-0.7720322907407949,0.29735224535097815,-0.4153270125803801,0.9962009441792405,1
-0.26113133657750576,-0.6275950678447515,0.8593166261066757,0.020801157888389654,0.8374317235240781,0.37370033299997896,-0.23703986039029795,-0.8868410504765655,-1.3597116096977775,0.40840139900077255,1
-0.29765108984442856,-1.1592480304173618,0.7261163381152504,0.09387672935176138,0.6975115489057158,0.41725331193765725,-0.2504146711490579,-1.2487721437571986,1.3562234845883179,0.4886762420173742,1
-0.7993874701511425,0.14956576607701155,0.06706394118988111,0.5152629454664752,0.01054093736299626,0.6782644744444402,-0.7452826692232661,0.05078668805355406,0.6108895051303254,0.5716920534328919,1
-0.5997690486889886,1.2322960327588788,0.46370512828689364,0.2623987577761968,0.41230608087113474,0.6553633775382418,-0.5580353186005909,0.8583454399359536,0.3631820698208443,0.6451624141999095,1
-0.26854404511679925,-1.1053631600517844,1.4161723337915673,-0.6475587472670387,1.4142797356251282,0.349470154576905,-0.3841627787366822,-1.358482506407888,-1.4592369185274752,0.26389427389501224,1
-0.6703281122109753,-0.33363032735171977,0.6442934308445601,0.4778983245396609,0.6449718972922979,0.6919642377722558,-0.6382841831531707,-0.4400823572082978,0.3631820698208435,0.6767653286512791,1
0.1648942908748925,-1.09068052073179,1.2554669532747111,-0.9160310908275464,1.2932239107771253,-0.07501803450580899,0.0037067332674306022,-1.2227583464276515,0.6860864051349895,-0.11356696585582386,1
-0.7276931269429561,0.6652050851986394,0.23313144972697072,0.30173225899030437,0.10510037550689526,0.7518751430715073,-0.6784086154294529,0.4421246826632468,0.3631820698208465,0.7213117049864487,1
-0.26558659383342176,-0.271884213837477,0.9641367057504454,-0.3549296014914892,0.9421494080324814,0.5168321886636995,-0.3039139141841045,-0.5316961651949546,-2.2930378391674253,0.6117519269669532,1
-0.32692031738437816,0.49188339101619116,0.23929134447440806,-0.17175719479596543,0.1649167662091912,0.5433115819614963,-0.3440383464603911,0.22044188802885492,-0.6807278361262521,0.6238353113181709,1
-0.9185822970364468,1.2885309572932362,0.26877328317963933,0.1558834758295131,0.21537186562339658,1.0706502330425818,-0.9994040736397501,0.9691868372531488,0.02258434627030565,1.0224713779285854,1
-0.15226850885314072,0.04036103651713123,0.7059350864054341,-1.074979300487259,0.740935280672946,0.9447964370982533,-0.37078796797791774,-0.44799959987381216,1.2544865022290645,1.2189694848974586,1
0.37245012997499277,-1.0690309066636476,2.3599789654526195,-1.7638848345471947,2.3450650423706882,0.3332144652550993,0.20432889464886364,-1.6989239410249803,-1.7976229685484635,0.6246756493663989,1
-0.30698137163519634,-0.8277448140424817,0.31463167346934917,-0.25387959286711725,0.2552606581871358,0.6315421472742068,-0.3039139141841045,-1.0564962504518634,0.1973065551046757,0.7714922941416201,1
-0.06696988974144176,-1.042390027104283,0.2998125383868309,-0.3962935598598352,0.26266973481713335,0.4936243806382317,-0.10329175280267149,-1.0689376317833839,-2.901248059793378,0.6907493433531926,1
0.14700648069320363,-0.6273039106910961,0.8957874739110119,-0.6076501781740999,0.8875337741951513,0.13978198602954908,0.09733040857876378,-0.8280272478184673,-1.9037832979668134,0.285858680128767,1
-0.5974126278277216,0.6117153566844493,-0.3194028569824434,0.2835500908444277,-0.4019408430827589,0.6457530958008265,-0.5580353186005909,0.4715315839922883,-1.476930306763868,0.6473337574788987,1
-0.9687444868686067,-0.2132784381947899,-0.21153871012643896,0.16925565733813552,-0.20666562483545606,1.0182026316457964,-0.9994040736397501,-0.33489613322361156,-0.6298593449466262,0.9126296072754536,1
-0.6303357387274474,0.4959595911673484,0.6264932155320466,-0.4283101271992156,0.5819914578472821,1.038956750717035,-0.7854071014995527,0.1390073920407058,-2.2952495126969747,1.1132391668427144,1
-1.157649302552609,2.010330338141607,0.1608749327185074,0.12308806003159899,0.02633118750196227,1.2899486833273681,-1.2401506672974743,1.6195317704917758,-0.3113783566915809,1.1988098315189528,1
0.11513278799080419,-0.6042609016733206,1.1153912855139942,-0.37812502775176526,1.0771929962613493,0.021391493987689095,0.16420446237257702,-0.8596962184805278,-0.2848382743369937,0.14736363797208418,1
-0.7669127470266325,1.0175260380597995,0.3503679812507763,0.0884996629936358,0.29863182525611137,0.979557030616592,-0.7854071014995527,0.7463730079522664,1.8914484787391597,1.0263459567147146,1
-0.5858976481534339,-0.24366276687256624,0.2392831386331634,0.1469724552913807,0.24333968044123916,0.648615732914097,-0.5714101293593552,-0.3971030398812148,0.36318206982084617,0.6318749213030711,1
-0.41326835469340223,0.6818426368360248,-0.25954173630522337,0.3350319867430249,-0.21856897360675034,0.5103912551588372,-0.37078796797791774,0.5891591893084877,0.3631820698208462,0.5720727434883012,1
0.13820090800110324,1.1111746568387229,0.4853409030004783,-0.4519695440001476,0.45792149924870057,0.054618531909619815,0.12408003009628595,0.8108419839428764,0.3631820698208462,0.15034430010959624,1
-0.529591591784206,2.6725672841281334,0.14423051602319936,0.004989076997328235,0.0830853476353189,0.5719379530942444,-0.5847849401181152,2.3829801703806064,0.2614450874615931,0.5377175809326648,1
0.8015095300342093,-0.043180269642086835,0.9937288025980183,-1.0996216052351275,1.0026522563924871,-0.4048347247709415,0.7526961357581206,-0.40615131721323944,0.00046761097481993693,-0.16530979420133357,1
-0.04061995282314629,2.9248133638904257,0.0729746700203495,-0.4601122718759187,-0.022067697306344333,0.25592326319668396,-0.10329175280267149,2.4768560477002683,-0.08578765667758814,0.32818859436357706,1
0.25707136926178137,0.23277432120347682,0.5176237072328962,-0.7216475686971601,0.49240399845212485,0.032024146122703864,0.2310785161663858,-0.036302981267090445,-0.249451497864212,0.17735073463272444,1
0.39771248803424936,0.8006347555269484,0.7495010931797472,-1.0273046055405612,0.727233133733612,-0.09955492404816976,0.3247021914777279,0.4647453759932736,0.3631820698208448,0.028472723705637942,1
0.7403189089647079,0.38211714408854797,0.9323271450588654,-1.315316227274174,0.8757013149722502,-0.3445148713126599,0.6724472712055474,-0.055530570597627296,0.36318206982084833,-0.12281632423902208,1
0.2124615557100233,0.3910806250331886,0.15192580749605705,-0.5990560734130581,0.1441291992465142,0.10972429634015599,0.20432889464886364,0.06549013871808464,0.22826998451836011,0.269737161263911,1
0.6608111702691623,0.19681641272718237,1.7045914966924975,-2.261999425654321,1.6738018383897872,0.05298273927347277,0.3380770022364879,-0.3382892372231227,0.363182069820841,0.27092153032517186,1
0.388038760287995,-0.2361342747566475,1.485551068993903,-1.6480530321484541,1.4741273060610178,0.2999874273331598,0.13745484085505486,-0.6436685971786494,0.3631820698208472,0.557254030590843,1
0.9764761640246522,0.857327212731335,1.1128496606075127,-1.4913312464555373,1.0748061307717556,-0.4559532446508447,0.8998190541045092,0.3471177706770698,0.3631820698208439,-0.1519066843247075,1
0.08073095144939446,0.435606872602738,1.1200481168052798,-0.9155080751196768,1.1362129334765796,0.3740070441192549,0.0037067332674306022,0.05078668805355708,1.0045673933900334,0.5737449598057537,1
0.28152281325947026,-0.03683720308033378,0.36145262868281575,-0.5105965012592742,0.33660691771963935,0.06330868028920725,0.2845777592014413,-0.2760823305655104,-0.06809426844119904,0.2823168526503257,1
0.06695495256813978,0.45187007932828016,0.49232608643297027,-0.7152625307344617,0.49621926554753687,0.4171510748978899,0.03045635478495277,0.08697979738161479,-0.07472928902984602,0.662349865219899,1
1.4138641285044566,-3.530036747925967,2.2150814393084035,-2.365839994557017,2.3175621522244834,-0.4496145481857432,1.1940648907972777,-3.7902070393871043,-3.2064590068711345,0.06179297329583424,1
1.0385540204791586,-1.877740697877797,1.1475447904090472,-1.5605650504688366,1.1525967183538897,-0.36117950879350674,0.980067918657078,-2.128717114295724,-3.089240309805041,0.05277484887221895,1
0.11857678771111606,1.4144356293091418,0.20511568193877733,-0.49629960237300597,0.14807637754817388,0.043372457536051,0.09733040857876378,1.1252696212304234,0.29683186393437466,0.1136739780318235,1
0.5352625932073235,-0.6336885711319413,0.4322612826987848,-0.6132516743440066,0.4758562598943522,-0.24391362418901152,0.5654487851354453,-0.6798617065067087,0.36318206982084594,-0.010921647213034276,1
0.5545051068801007,1.749349543769686,0.3439201318501879,-0.4588358859189566,0.3053343362133381,-0.45247718529901804,0.578823595894212,1.3740972478608513,0.3631820698208446,-0.35737497696947657,1
0.333879241140577,0.23753682035967857,0.644175185069219,-0.6784865320750172,0.6989714867631652,-0.23593913508774553,0.2712029484426746,-0.0645788479296368,0.004890958033917283,-0.24176081710585753,1
0.3921410314229977,0.8076225272146468,0.5986730711916015,-0.5195768032733834,0.6034455195528552,-0.2236706903165597,0.31132738071896127,0.7045247252916905,0.36318206982084433,-0.1450401636957232,1
0.06707897471873184,0.018815407146717422,-0.4273598458923357,0.5533249402366758,-0.36915346024338663,-0.13298643604963306,0.19095408389009919,0.21026257603033363,0.2548100668729458,-0.06037751529977502,1
0.18483323662407192,-0.07622660658183839,0.5915898637783494,-0.4546351848552047,0.6358304273873058,0.1164719409643117,0.17757927313133698,-0.2987030238955463,-0.2007946802141351,0.28096328800888615,1
0.22464434696442742,0.14532319040947703,-0.07870627221228357,-0.15683112671387872,-0.09085194162655783,-0.19177273391150662,0.2845777592014413,0.13674532270770492,0.7391665698441636,-0.12829826103686953,1
-0.026863034272749706,-0.04255636145568313,0.5433113023625481,-0.5951769922079762,0.5450697957289375,-0.008155010502902042,-0.08991694204390704,-0.11208230392271852,0.36318206982084245,-0.10119594901829829,1
1.0668978519723822,-0.7147550414850977,1.677080288843576,-1.6060203915662883,1.7121564884390488,-0.46126957071835756,0.939943486380796,-1.0847721171144082,-0.6055309361215876,-0.1213922614391691,1
0.1495346245322211,0.2990125736598165,0.9273881306786563,-0.8330397275638715,0.9127939693335698,0.31143797578625687,0.04383116554371721,0.11864876804367834,0.3631820698208431,0.5196023741480231,1
0.8957377439885984,0.21792530636711402,1.116232219905894,-1.2994012660232164,1.0828319037699168,-0.35954371615735536,0.8463198110694605,-0.13809610125227006,-0.0017440625547314134,-0.018583387068868463,1
0.5685768508896871,-0.12191748276600484,0.877697555533666,-0.4941757514117432,0.8928081125536181,-0.4465474369929446,0.5921984066529742,-0.2862616425640317,1.628259328722837,-0.32301417456116277,1
0.4369130277870664,1.319643178855152,1.5622549616428725,-1.432379542845096,1.559614138992672,0.126797881980044,0.24445332692515023,0.7497661119517683,0.7480132639623572,0.3516926803769666,1
0.005754791333211644,0.9488961375555877,-0.2574481016432355,0.12743270251601582,-0.2903758637556739,0.07782633993510511,0.07058078706124161,0.8617385439354632,0.25923341393204474,0.16479078273066783,1
0.6371897206639088,-0.2599675674772005,0.4863702364438691,-0.5555469831579025,0.5137502368570184,-0.3559654197657657,0.6724472712055474,-0.4332961492092831,0.24817504628430043,-0.13734176479750865,1
0.08989905042783958,1.2182373016252872,0.9498947840129914,-0.2715428436295649,0.9120279334519746,-0.00406552891250166,0.09733040857876378,0.8017937066108564,0.36318206982084394,0.029236923742786712,1
-0.02321869107840378,0.385590232992852,-0.10454314101048903,0.20560064428361666,-0.08626534169008165,0.08702767351348575,0.07058078706124161,0.23288326936036652,0.24596337275475244,0.16790116147965212,1
0.02122893966104604,0.4113992349703455,0.4658445716376517,0.03570114307447547,0.480063215429765,-0.3265211523149288,0.01708154402619057,0.3516419093430791,0.1420147168659517,-0.5189905951578192,1
0.7806070275765686,-0.9320830597484273,0.8555446129778147,-0.7367250318423147,0.8952659181919012,-0.31731981873655907,0.7928205680344073,-1.1775169597675736,-2.6977740950748785,0.00293265087740307,1
0.45999068796279935,0.1678670728781341,-0.05659763692966797,0.027931541732858594,-0.04090718710698661,-0.4704709042967382,0.5253243528591631,0.1729384320357702,0.36318206982084383,-0.3863469001490443,1
0.6298247129517724,0.8836145443184,0.057560389985004776,-0.9320047198596259,0.00848166178004439,-0.27887869178687197,0.5520739743766876,0.6524971306326011,0.3631820698208445,-0.08340503376233142,1
0.7956137077983244,0.6988961272643434,0.4878530548025517,-0.9857426492580312,0.458034896321069,-0.37498150916108974,0.7526961357581206,0.3471177706770698,0.46491905218009344,-0.10207012618256507,1
0.34315228193875846,-0.27437984658308384,0.1883984018206604,0.04004011073769399,0.18383865204563632,-0.22050134208401115,0.4183258667890611,-0.17202714124733146,0.11326296098181449,-0.048265931685191985,1
-0.1391317010557116,-0.734470540175396,0.6354902605287348,0.2839496858445148,0.652604649805245,0.10532810363048623,-0.11666656356143368,-0.6866479145057188,-1.8086813361962073,0.10088843202285934,1
0.45505842243537087,-0.551686238499186,1.3272491488564004,-1.2832325231776418,1.3085959685574073,-0.6090020931712826,0.3247021914777279,-0.7149237811682728,-0.4086919919917327,-0.7788045081565345,1
0.2635873022506314,0.4809442008146101,0.3217304757442775,-0.15648386462268432,0.32422691439444284,-0.16805374068724122,0.29795256996020125,0.40819364266817937,0.36318206982084067,-0.06778546178534399,1
0.29646271232320826,0.4371874400082858,0.5784931377637257,-0.4121142660814605,0.5214146778115196,-0.11550390225069739,0.29795256996020125,0.3900970880041498,0.363182069820841,0.031162933430508237,1
0.6125283930267639,-1.032885825731429,0.838379475509994,-0.40846954375452244,0.888264345922356,-0.515557438830818,0.6590724604467851,-1.1944824797650977,0.15307308451369525,-0.3924633203725587,1
0.20087025471228986,-0.3211937575027716,0.6014308440087943,-0.9858331963065349,0.6024830590709684,0.3353614430900483,0.1508296516138148,-0.6346203198466309,0.4693423992391951,0.6062643503164362,1
0.6787085206162777,0.033394061768976246,0.24633250804648216,-0.574373474005055,0.2777598680628261,-0.43857294789168516,0.645697649688023,-0.0035029759385362966,0.5224225639483654,-0.28249183310795856,1
0.05984752932261909,-0.6229781472653775,0.2982720549298286,-0.2881344038291603,0.34237370505828124,0.17536047586595702,0.057205976302477174,-0.6470617011781591,1.6083542669568947,0.319102791707886,1
0.5504219160759608,0.29196241115347465,-0.16168648895588356,0.37180539207648555,-0.06614430804656772,-0.6267913380894812,0.6189480281704941,0.6355316106350757,1.2412164610517635,-0.5162609064642346,1
0.49959191466369174,-0.3042858456512806,0.18035256861965704,-0.3680787025691551,0.18233362764577474,-0.39614457639135847,0.5253243528591631,-0.31906164789258434,0.46713072570964437,-0.25833070425819477,1
-1.0958862715572926,0.6592987543673676,-0.8528458129995584,0.9196572183852343,-0.8956849704670201,0.931607858969244,-1.0662781274335655,0.6751178239626384,-0.12780945373901786,0.7431520344613989,1
-1.431738255363146,0.35125448580120094,-0.46651287870544367,0.8118676153485512,-0.523211725900732,0.9181125697209369,-1.4942720717139628,0.5733247039774664,0.022584346270303757,0.4411492035446965,1
-0.17805557601105623,-1.2059787535788646,0.5319697099564114,-0.9400958695589172,0.5055687867331851,0.6271459545645327,-0.2637894819078179,-1.3743169917389106,0.049124428624896785,0.7817709256375812,1
-1.151562677008119,1.5972407279248997,-0.6508758567549964,0.7804055099892683,-0.7274024942219816,0.9680042451237342,-1.11977737046861,1.5052972691750814,-0.47725387140775244,0.766898634139726,1
-0.5059510618480896,-0.3394118765457091,0.8950734845829271,-0.8886836499137166,0.8628790978482743,1.124835864115277,-0.6516589939119307,-0.7680824104938649,1.7476896993184772,1.3179488993030044,1
-0.7561419002559042,-0.5130247278818145,0.20377708090470853,-0.003259527537828835,0.1719476103897313,0.2582747151111655,-0.7987819122583126,-0.40841338654623877,0.363182069820844,-0.1373981633242394,1
-1.1403720629584597,1.2984303005174829,-0.5628246224734448,0.6255936658551116,-0.6498651097110818,0.8414347899010953,-1.2000262350211877,1.2949248212057167,-0.1985830066845839,0.5280762527887218,1
-0.9074775444756584,0.843559638751397,-0.1272300244310496,0.03656053214979361,-0.22073458943287091,0.21185909906020803,-0.9592796413634636,0.9624006292541402,0.363182069820842,-0.30138251963510554,1
-0.5600915006646555,2.2749505969341985,0.7046019994611563,-1.2194004778728254,0.6049745270985301,0.8163867151599391,-1.026153695157279,1.7032283358129212,-0.6652461214194083,0.5525221941984577,1
-1.4116085063053567,0.7527602006903784,-0.16873713152556535,0.46502020674303135,-0.2930460764890957,1.448109383835793,-1.4675224501964317,0.6298764373025622,0.23932835216610407,1.2904461577446675,1
0.37218300534295296,-1.7983587796279283,1.6629215400778334,-1.8035928218240642,1.7631030947404591,0.24764206297613325,0.04383116554371721,-1.9647170876529307,-2.640270583306607,0.3956299526234872,1
-0.9926521414367606,-0.7474062365734628,-0.8085206864323857,0.8542866074684003,-0.8387956160155264,0.931403384889718,-0.932530019845937,-0.6572410131766698,-0.05261255373435172,0.8321150705202617,1
-0.8493206960129729,-0.03993594707279558,-1.1333426879208912,1.022948942537976,-1.1765319664504172,0.6081298651692152,-0.7319078584645039,0.13900739204071033,-0.1853129655072939,0.48899207376703974,1
-0.9690402319969386,0.31109559553646227,-1.4147557544653213,1.3091061678680571,-1.4016723008166332,0.8327446415214992,-0.8389063445345992,0.42289709333270087,-0.13886782138676304,0.7644001794057264,1
-1.1764529686155922,0.781792728297609,-1.6032475827831965,0.9800495665331376,-1.663668811417484,1.0790336703028736,-1.1331521812273788,0.8357247466059147,0.3631820698208446,0.9409360278396399,1
-1.001066567346228,0.9727086333365929,-1.429272954523822,1.4084551269340453,-1.5176855458416778,0.4950556991948658,-0.9057803983284192,1.2496834345456342,-1.348653242050034,0.1727429749991457,1
-1.0930719227553747,0.020000832700883125,-1.0937087567070982,1.4216456779804023,-1.0833598983501853,0.9111604510172815,-0.9459048306047035,0.1480556693727289,0.27029178157978784,0.8071220634012811,1
-0.7704235279049585,-0.45044673678570396,-1.2506013068099318,1.403573277147981,-1.227719017264911,0.4622376094319762,-0.6249093723944018,-0.1064271305902171,-0.050400880204808034,0.33030917896850115,1
-1.5137455174014098,1.412043981261268,-1.9362976653407389,1.6761588515992434,-1.9232129049417908,1.0817940703763984,-1.4273980179201495,1.5878627998297243,-0.6165893037693323,0.7438316367084573,1
-1.3680290306200644,0.12065802010705626,-1.8649634844361611,1.8341351790948932,-1.832810728942323,1.1743185913590244,-1.2267758565387121,0.4692695146592814,1.2257347463449257,1.0459106056362388,1
0.49342896779576456,-3.6351028865160457,0.5540317387472775,-0.3819203803174952,0.6629706641841285,-0.10037282036623892,0.578823595894212,-3.5866207994167545,-2.3925631479971257,0.20434870937685112,1
-1.1438351430096334,0.6347167718231337,-0.6064832508907863,0.7688319571720634,-0.7722789148200022,1.1135897897416906,-1.0796529381923279,0.6683316159636283,-0.2428164772755664,1.0563302334490268,1
-0.9352871267047822,-0.15267615635561807,-1.15716385945966,0.906477396686155,-1.171189496878797,0.7170123125134055,-0.8389063445345992,0.01798668272500595,1.2190997257562841,0.5768891776707691,1
-0.9734382482602766,0.4082588970987889,-1.6055345185309289,1.4988410381875126,-1.6317815544376983,0.7215107422628361,-0.8255315337758393,0.7395867999532546,0.015949325681660877,0.6310035640651478,1
-1.7290479708308661,1.7988046660118109,-2.3190285570161673,2.057701045491722,-2.4235872353436947,1.3102938542395655,-1.6280201793015825,2.1635594450792275,0.36318206982084106,1.0124831988452718,1
-1.0330452018683602,0.8786856696458246,0.24597560737161211,-0.7344665956102501,0.19513554882801976,1.7318171691692525,-1.3872735856438585,0.4206350239996985,0.0026792845043693944,1.7973843152285827,1
-1.2100152705991447,0.746063586156323,-0.1193796444993601,0.13606059577160323,-0.25987854498388197,1.4691702140263052,-1.2669002888150032,0.5009384853213389,-0.5612974655306124,1.460800727649327,1
-1.3028029195735733,1.004631935540824,-0.31682353292651794,0.6391073848733313,-0.3422583751405398,1.5271386155701097,-1.3738987748850986,0.8436419892714351,0.22384663745926356,1.4981647516058407,1
-1.1186586464392514,1.2723509383258835,0.2857272801055717,-0.020812508284839486,0.23105845842089268,0.7950191738501379,-1.4140232071613852,1.2519455038786458,0.3631820698208436,0.3144301737685712,1
-0.3283799626952028,0.407177456242357,1.1690565381258657,-0.9534624067159655,1.1195840667551518,0.7638368767234041,-0.6650338046706928,0.22383499202835547,0.12210965510000765,0.7710805848965153,1
-1.0651573987065182,1.2507429181368273,0.6152677539879625,-0.6623071626585804,0.47593379600487207,1.26438942338741,-1.333774342608812,0.8210212959413932,-0.32907174492797214,1.0745046586867406,1
0.13222876444178588,-2.6387839036508423,1.363621470900461,-1.4986195127900306,1.3543122289411544,0.64483296244299,-0.03641769900886047,-2.8751999941870188,0.19730655510467918,0.9629229934840943,1
-0.8670177028860472,1.0246177944452282,0.013453646340152824,0.1842444359782453,-0.04891870374332142,1.1011168708909984,-0.8656559660521304,0.7361936959537511,0.36318206982084156,1.1472305589009562,1
-0.8150047209604283,0.47324933318232115,0.3786077255313177,-0.2741576223700568,0.30807663740019825,0.8395945231854178,-0.9860292628809902,0.43986261333023235,0.3631820698208424,0.6904899101302443,1
-0.1622475218931607,0.04106813246171824,1.0244425270761568,-0.7153757733151269,1.0539853618349895,0.5387109151723093,-0.29053910342534456,-0.18786162657835717,0.4450139904141546,0.6506105118817163,1
-0.932310595090549,1.1356526546852248,0.47352352319683977,0.1964771847126534,0.3821401816005324,1.0337426616892829,-0.9726544521222236,0.9341247625915923,0.6175245257189726,0.9910658583207618,1
-0.806838339352151,-1.16211800807481,0.06211352212729108,0.18812940040138137,0.0877604544200284,1.2564149342861461,-0.8255315337758393,-1.2397238664251815,-0.4308087272872214,1.430401921743578,1
-0.2431672050723785,-1.2794335440579154,1.2274569235754267,-0.42564308368759757,1.27578029016702,0.3631699179047184,-0.3574131572191578,-1.347172159742867,-1.1274858890951358,0.3073324191799982,1
-1.2084888441303097,-0.3395782520620846,-1.2774314468284738,1.0799684648489556,-1.2958171411192858,1.158574087236014,-1.1331521812273788,-0.1618478292488147,-0.29589664198473775,1.0716734526450493,1
-0.8619900357043162,2.722230375765724,0.17921886468884818,-0.39772927136334485,0.06005304504453972,1.1784080729494115,-1.0662781274335655,2.2246353170703337,0.2304816580479072,1.1325443825412962,1
-0.7467734578034166,-0.30784212231377234,0.9173525965810894,-0.8083439364130918,0.8852352375957036,0.616922250588559,-0.9592796413634636,-0.39936510921422474,1.3717051992951574,0.32924042688702604,1
-0.9167315049429854,0.298347071594318,0.5772038812939223,-0.1616422959965201,0.5566746896727441,1.2405681931233707,-1.0662781274335655,0.02816599472351364,0.3631820698208448,1.2371946688092204,1
-0.8922991412761594,0.9052849553260929,0.9754113274897327,-0.6499352634863154,0.8575617502678616,1.390243219331734,-1.026153695157279,0.3900970880041498,-1.2026827890998022,1.5029924654936555,1
-0.49380643125541124,0.3097437944659264,0.055226250164982935,-0.3943384191659087,0.018310993609981927,0.8811027613279037,-0.6382841831531707,0.2634212053559228,-0.654187753771668,0.9610139033543834,1
-0.22798880187288306,-1.9699335308884507,1.434913515314834,-0.9853929556166462,1.4740386929900224,0.4163331785798229,-0.37078796797791774,-2.0144826129790254,-1.5653972479458231,0.37849608020387915,1
-0.41204721351833024,-1.7315382128642842,1.7390444180165194,-1.064985199820205,1.749141469176505,1.1325036420972583,-0.5446605078418286,-2.187530916953825,-2.9432698568548097,1.401483577164409,1
-0.2198224202646082,-0.017433658483232393,0.8939086450621081,-0.6214578174103611,0.9342505403585467,0.6762197336492412,-0.3172887249428712,-0.3586478612201532,2.0042438287461577,0.8541584346914392,1
-1.0350677169395697,0.8629423864089497,-0.5643966109085051,0.30095600749783585,-0.6513707652302393,1.2391368745667322,-1.0662781274335655,0.7723868052818073,-0.21185304786187972,1.2421239000451438,1
-1.3965445850910243,1.3908934937422477,-0.8211587188635694,1.047152773640717,-0.8966946005138372,1.323789143487855,-1.4006483964026273,1.5188696851731047,0.36318206982084233,1.18720301471858,1
-0.5915072654264053,-0.8574636406547569,1.3245083178328996,-0.7583690535523959,1.2878152961745133,1.0410014915122319,-0.758657479982026,-1.1707307517685606,-0.8311216361355785,1.1094491858466697,1
-1.8314616467243952,0.8209533654641018,-1.2006259358741163,1.893916602334155,-1.2860717004646367,1.356811707330275,-1.7483934761304425,0.9974627039156967,-0.1477145155049606,0.9827724549655887,1
-1.821740218150992,0.8116155396076216,-0.6334112170853278,0.7201591004010346,-0.701922004646793,2.0938385269587205,-1.9490156375118821,0.747504042618763,-0.6718811420080543,2.0134837301613473,1
-1.7302786521713671,1.7670477393239554,-0.40507213155206717,0.3291804227230599,-0.5131115881947255,1.9009172329319637,-1.989140069788171,1.6783455731498875,0.32558361981851114,1.672794329836387,1
-2.3258139389881114,1.1865011718769793,-1.3659095534526362,1.8449054708587214,-1.3632280413389737,2.3187600144302896,-2.4037592033098014,1.2587317118776544,0.36318206982084367,2.0657961836267975,1
-1.7080214462226357,0.5664196223516712,0.6561413757801566,0.4890751272317964,0.6237709310246695,2.0412886885221746,-1.8687667729593067,0.2656832746889267,-1.963498483264635,1.9665686157036542,1
-1.8705954053192042,0.9849788276691638,-1.9481399755091087,2.101190316830119,-1.975851476239577,1.5474837864823179,-1.8152675299242578,1.2225386025495877,0.9293704933853697,1.225773967147033,1
-1.6291910592726355,-0.1606413842020154,-2.254991560715728,2.00000185566807,-2.227283836796465,1.4456556948815482,-1.4942720717139628,0.20913154136382792,-0.31801337728022994,1.2833568629351115,1
-1.2010761355910173,0.09867565500616297,-0.9731127836285656,1.2017782365446772,-1.036926535652756,1.0785224851040802,-1.1331521812273788,0.3505108746765734,-0.7094795920103935,0.9517589051185137,1
-1.6416505153245204,-0.6933341937519656,-2.7018075113424356,2.2882908782132203,-2.6120117675189296,1.3184728174203357,-1.480897260955196,-0.05553057059762125,-0.6188009772988828,1.095704864883341,1
-1.254978070271827,0.42167292310642807,-0.48376220833831024,0.7504516253919562,-0.5222598239624695,1.2006957476170539,-1.347149153367572,0.374262602673121,-0.9461286596721269,0.9844813303254081,1
-1.8164358861717826,0.07775393382215198,-2.151012286392734,1.7010505926475925,-2.1974089065679516,1.5576052534185263,-1.775143097647969,0.5563591839799334,1.0952460081015396,1.2923298685373468,1
-0.5389981948984169,-3.1947692854931273,0.06186866527687824,-0.2783478629124385,0.14772249725245082,1.1275962641887844,-0.5580353186005909,-3.17153107681053,-2.288614492108326,1.3795417303413462,1
-1.2414310353608995,-1.7723210113154222,-1.3492039926729202,1.5964270740163007,-1.2543496328906163,1.2436353043161736,-1.0930277489510878,-1.4421790717290335,-1.9413817479691426,1.2144040241589165,1
-1.5750887811177954,0.21056318976757432,-1.345101126669493,1.299584296718416,-1.2896551414641517,1.7737343554707599,-1.574520936266536,0.284910864019456,0.20615324922286912,1.778812280377435,1
-1.8077352552994126,0.6296423185737305,-2.7714423767990604,2.1071043804909855,-2.80114726674969,1.408032464249939,-1.6948942330953958,1.1207454825644094,-0.07030594197075062,1.1169332703433121,1
-1.4709387951159678,-0.5901813736001839,-1.7458133005358407,2.08914932253482,-1.6570942319761568,0.9892695493937703,-1.3203995318500497,-0.1324409279197626,-0.8001582067218964,0.7043865071157297,1
-1.944875133358981,-0.6178828970764292,-1.943109899867441,2.164634532367981,-1.866340587828873,1.7726097480333995,-1.8955163944768334,-0.09398574925869646,-1.6096307185368046,1.5699375167183724,1
-1.4383495900062948,0.01604941418700308,-0.7263734553214304,0.8720383830242545,-0.8084445715432448,1.3430097069626987,-1.4273980179201495,0.04173841072154152,-0.32243672433932496,1.1517875598604776,1
-1.8919939963792118,-0.29318027993332935,-1.9387345246946697,2.40928756441343,-1.9773008113076542,1.3159168914263544,-1.8018927191654956,0.2668143093554249,-2.514205192122323,0.9286778080555662,1
-1.6412307480455859,0.7566700253251618,-1.0663931955300385,1.6275641169361632,-1.1100176663794437,1.3673421224255269,-1.601270557784056,0.8900144105980141,0.07566451097948076,1.0884125353775673,1
-1.7652624388040208,-0.8266425762465055,-1.129683018666076,1.9935889762691414,-1.1324341666395847,1.4802118143203697,-1.6681446115778737,-0.45139270387331726,-2.308519553874268,1.2432857096957166,1
-1.797374635642179,1.29533155652502,-1.8557249569460739,1.927880539468284,-1.8847288055406766,1.4797006291215613,-1.7216438546129225,1.5561938291676667,0.3653937433503891,1.2124385355024943,1
-1.4390555622481358,0.22597372197169824,-1.33794971476189,1.0431511380117684,-1.3558215580451276,1.4043519308185863,-1.480897260955196,0.3222350080140255,-1.4282734891137927,1.2133691111934801,1
-2.0638409962739654,1.2445038362728098,-1.7900851482662419,2.419857053352035,-1.827271403820108,1.5387936381027347,-1.9757652590294044,1.6059593544937614,-0.23175810962781734,1.1365599576442387,1
-2.125403683795243,1.0259487985762215,-1.3609571409156167,2.0719446997150324,-1.4617622218385662,1.546870364243766,-2.1095133666170285,1.2383730878806103,0.36318206982084483,1.0431752770899962,1
-1.9539287503522729,-0.6300491067112636,-2.0368851635655854,2.7753108219364706,-1.960170437966384,1.436147650183894,-1.7885179084067357,-0.14262023991828388,-0.09905769785488314,1.0923858115854714,1
-1.6227800681035218,0.4592737898069155,-2.130159496791985,1.874346922299263,-2.117737652621315,1.2164402517400599,-1.574520936266536,0.9465661439231099,0.363182069820845,0.888632034153197,1
0.2911583803439988,-2.4464746036622285,0.11897283450288128,0.45962884661713677,0.22694985058839837,-0.1891145708777491,0.4183258667890611,-2.1773516049553114,-4.073435030454313,0.0036799313565353143,1
-1.922541606086815,0.2841843557629944,-2.2155354834726118,2.4499329440542517,-2.2140694976821385,1.5349086305918582,-1.8018927191654956,0.7486350772852611,0.2548100668729455,1.2482685195320236,1
-1.3711772852120385,-0.9478263429853032,-1.2491658110032167,1.3530197295309478,-1.17758715043851,0.948272496450093,-1.4006483964026273,-0.46835822387084414,-1.3995217332296572,0.5569720379572046,1
-0.3194217473562172,-3.2647925809469673,-0.1715495084387585,0.6528533429869374,-0.1257820391133916,0.3034634866849887,-0.21029023887276685,-2.919310346180599,-1.9502284420873393,0.3377255852330716,1
-2.2266057586791352,0.8165444142801953,-2.5899452351236376,2.7638697294655916,-2.6394283061814265,1.6197653735924986,-2.1362629881345554,1.415945530521424,0.5290575845370113,1.1748178982493716,1
-2.3935586537081823,1.5408810217532605,-3.3697393153269837,3.2882782082938893,-3.391287769840104,1.735190991481325,-2.2566362849634127,2.249518079733374,0.36318206982084184,1.2862895863249078,1
-1.5848102096911987,-0.11711338973070921,-1.1226735862911956,1.352530532997009,-1.1398443684176902,1.513438852242294,-1.601270557784056,0.264552240022427,1.3296834022337283,1.3664741916987475,1
-2.075785283392613,0.046891275534804065,-2.957906050475461,2.8509873512997856,-2.8479876735427045,1.87535797299201,-2.0560141235819795,0.9069799305955365,0.8209984904374736,1.649938826880347,1
-2.2547015458711654,0.4196556199703991,-1.5032524930428177,1.7729908004537895,-1.6613959932586984,2.1137747497118724,-2.243261474204655,0.554097114646928,1.073129272806051,1.8384283430540078,1
-0.1922418020058093,-1.8181782630159615,-0.34883162632363873,0.32792604529227026,-0.2795912856250427,0.40580276348455585,-0.06316732052638488,-1.6582066930309058,-3.3811812157054995,0.5912792617651196,1
-1.118887610409581,0.009020048620208174,-0.7273406844091349,1.534015909040564,-0.6852268506734062,0.8616777237735362,-1.0529033166748012,0.1910349866997953,-0.5878375478851978,0.6715794841187489,1
-1.8259665114365833,-0.5022103193175133,-0.8908000751357797,1.236344758962281,-0.9607703551329604,1.5049531779422283,-1.84201715144178,-0.2975719892290436,-0.49494725964414166,1.1388835769453842,1
-0.8329497721346962,-1.7744007052700945,-0.47178324431717034,0.3951044405911385,-0.4371891029334223,1.1896541473229958,-0.8389063445345992,-1.6118342717043284,-1.8750315420826766,1.3165502158401694,1
-0.037710202366928416,-1.8112320852073516,0.14393706309621299,-0.41118339441328194,0.17334955662834475,0.4473110016270416,-0.009668077491338299,-1.8075032690091686,-4.544521492248239,0.6996631305023634,1
-0.9195267734140415,-1.4416288755828628,-0.5847321087287117,1.0866124487074191,-0.48454979593337116,0.9934612680239228,-0.8255315337758393,-1.3098480157483066,-2.9786566333275952,1.000755125212432,1
-0.8766055691434317,-2.317491984593407,-0.03572467746356889,0.5916200925128908,0.028526789522164343,1.1013213449705113,-0.8255315337758393,-2.190924020953335,-3.0826052892163935,1.1681713318746176,1
-1.6821008167487004,-0.369068312339347,-2.284296496010761,2.470932151572933,-2.2947158768519467,0.9710713563165198,-1.4942720717139628,0.19103498669980434,0.5003058286528774,0.5606182027100867,1
-1.5684106653166336,0.28655520687132224,-2.215507929771159,2.383010935363131,-2.2134803435028445,1.0300621282579348,-1.4140232071613852,1.0178213279127302,0.6086778316007768,0.7126770905445688,1
-1.1417076861186934,-1.4489078044242227,-0.8013998987389279,1.148672465378422,-0.826688986904145,0.7409357798172078,-1.0529033166748012,-1.1447169544390166,-0.8952601684924989,0.4667654143840106,1
-1.8757661749823902,1.5231828261989948,-1.228306071541445,1.3280287475821502,-1.3084669031278389,1.8371213201218402,-1.9356408267531156,1.4408282931844683,0.6175245257189713,1.604126303620162,1
-1.295247108552832,0.725952945614639,0.6578512377506182,-0.32504808409181574,0.6260940996004548,1.320415321175776,-1.6948942330953958,0.5201660746518773,0.6440646080735595,0.9495819219868589,1
-0.6616370215040367,-1.3406805310230343,0.3193495552832568,-0.10506511649274472,0.3446377920460403,1.142318397914204,-0.6917834261882173,-1.40485492773447,-1.3287481802840873,1.332962187117675,1
-2.0449896293838283,-0.6813759535125934,-2.055178289830421,1.911598010207744,-2.1017236793556866,1.8054278377963109,-2.002514880546929,-0.049875397265118325,-1.651652515598236,1.5553246584434597,1
0.5959094248473019,-0.8164520758686089,-3.8417129406187676,3.3391781417440853,-3.571565987572902,-2.2516446109920722,0.9131938648632715,0.7814350826138213,0.36318206982083934,-2.7675829361975888,0
1.4070810708835622,-0.06634806029714227,-0.10648911648916967,-0.4516227459385537,-0.06725899187817136,-1.3037027783391668,1.448186295213773,-0.021599530602567422,0.3631820698208407,-1.112923480117814,0
1.6437153342150046,-0.6020772230209125,0.6082595679897345,-0.9169632646520045,0.6337456499867526,-1.4975442057237516,1.5953092135601528,-0.6572410131766698,-0.9195885773175374,-1.324189541310102,0
1.0128909754718338,0.5722843593038491,-1.2318345011500633,0.13378240732735933,-1.154036361300747,-1.0914586837978033,1.1138160262447,0.7746488746148127,0.3631820698208465,-0.9883278548729642,0
1.4462625303055163,0.6488170968358175,-1.0769627349020923,0.08985906756760487,-1.0608395379880964,-1.4973397316442343,1.5284351597663417,1.0099040852472188,0.4870357874755836,-1.3257461406477649,0
1.1680617661945476,0.33798603837038765,-1.0101759377875719,0.17251596151614632,-0.9121090477229897,-1.1254013809980532,1.2609389445910932,0.43986261333022475,0.36318206982084655,-0.9415029780580252,0
1.592532346681815,-0.15369520639340825,0.40042277461060755,-0.9881446963976377,0.41512698106334056,-1.3112683192813894,1.5685595920426283,-0.2545926719019712,-0.10126937138443315,-1.0357618357765326,0
2.084013049151032,-0.9684569070156579,0.696928163738584,-1.617493110406175,0.7727703089497834,-1.3898886028566804,1.9698039148054989,-1.199006618431113,0.16191977863189383,-0.9155652956163645,0
1.8617081142957865,0.8540828901620429,0.02650794735947165,-1.3371320178029371,0.07389542398270864,-1.458489656535506,1.8093061857003525,0.6208281599705436,0.363182069820842,-1.1259797390550736,0
1.6474073782365053,1.1342592597355932,-0.10808158068364923,-0.6373262041783897,-0.05901971414689645,-1.5615445926133946,1.5819344028013904,1.3379041385327965,0.3631820698208413,-1.3946341211182143,0
1.3147322695189168,1.6309733638696957,-0.24992781004400477,-0.6466061939390011,-0.2942504867075795,-1.2149610278276457,1.3411878091436664,1.577683487831212,0.23490500510700757,-1.023199063948142,0
0.9586837554972635,0.4536794130688469,-0.274801861473517,-0.36741063596856727,-0.28999945316201114,-1.1727371304068495,0.9131938648632715,0.6830350666281589,0.13980304333640017,-1.2351701067245084,0
0.9417308815277415,0.5800208208152319,-0.9059582990531794,0.10089041717118408,-0.8670097349410485,-0.9008888416855322,1.0335671616921314,0.654759199965599,0.36318206982084594,-0.7398246664092931,0
1.9155623481494413,-0.32618502299398877,1.1850595953531489,-1.593496575419645,1.267990650244576,-1.3893774176578784,1.8226809964591102,-0.6459306665116549,0.23932835216610399,-1.012590501070827,0
1.5132249514603082,-0.6753240441044974,0.993390479411764,-1.3032799710644631,1.0882758414899838,-1.1554590706874375,1.4080618629374775,-0.8065375891549311,0.3631820698208433,-0.9109152370877415,0
1.1972928330727761,0.6844214573398202,0.019233546982243745,-0.3816731526025154,0.007959751667761986,-1.1331713960198107,1.2475641338323264,0.6072557439725202,0.24817504628430181,-0.9518944066074401,0
0.5811412487613036,2.094620334124502,-0.8570977352023987,0.2109206844797342,-0.8911282950809052,-1.680344032814285,0.6323228389292608,2.658952629007084,0.3631820698208406,-2.160289240256008,0
1.4272966814302175,0.4929648318726231,-0.0020236248977948358,-0.7344251153364418,0.012642737045714296,-1.4456077895257684,1.4214366736962396,0.582372981309485,0.36318206982084456,-1.3434157990712727,0
0.7718777762079151,0.7847458937132459,-1.2325046961646244,0.10075840169718918,-1.2132992715581365,-0.7444661708530262,0.8463198110694605,1.1003868585673775,0.07566451097947721,-0.5982023259456075,0
1.0018625442344888,0.7001231466975995,-0.6873210517549646,0.29063470884366577,-0.6451273901661312,-1.2017724496986364,1.1004412154859469,0.999724773248699,0.7281082021964161,-1.122750923399966,0
1.3452989595573803,1.2323584235775205,0.4060343533968319,-0.9119258657310814,0.4959918600409289,-1.2185393242192375,1.2609389445910932,1.0879454772358552,0.7104148139600246,-1.106764760999248,0
1.4853962889003205,0.6343216299717463,0.9763457139583318,-1.3577845376916287,0.9845710283097752,-1.4868093165489782,1.3545626199024285,0.5427867679819146,0.011525978622564501,-1.4578484097999609,0
1.2063655303969187,0.22597372197169824,-0.44954248962473575,0.13849584780269683,-0.39441422943453847,-1.1114971435907268,1.3010633768673798,0.37878674133912577,0.3631820698208444,-0.8797437713658346,0
1.1256461906917397,0.39097664033545476,0.22454681139594262,-0.5928529317553639,0.30342086192155865,-0.7501914450795649,1.1539404585209956,0.19782119469880846,0.018160999211210244,-0.4161845407138543,0
1.3037229186124322,0.7308818202872126,-0.444875231116549,-0.8156690884306492,-0.45384910932299805,-1.0466788603830104,1.314438187626142,0.663807477297619,0.3631820698208481,-0.7823829946773503,0
1.2536656706000122,0.05111305426279075,0.0803143566522896,-0.8087140692960072,0.14026570318245063,-1.1196761067715058,1.2475641338323264,-0.14375127458478357,0.3631820698208451,-0.9623563333152664,0
1.1132344354670096,0.08929623527058715,0.18618294373177702,-0.7024456716010075,0.12680262858806965,-0.9573236876329373,1.1271908370034711,0.06888324271759123,0.12874467568865475,-0.7525538138915457,0
1.736865509475786,-0.8183445973673581,0.22829799318238705,-1.0235402811762484,0.2938056217079286,-1.238986732171209,1.7156825103890125,-0.8280272478184658,0.25038671981385074,-0.8217660858906776,0
0.7533412347769763,0.7400740675668687,-1.1167371710181948,0.7920209770375107,-1.0740876538364046,-1.0295030377033614,0.8864442433457471,1.0777661652373431,0.6905097521940838,-1.0276376280015382,0
1.533202057871211,0.7229789832594543,-0.30576409860416165,-0.5058290606969787,-0.23293336382793067,-1.5235124138227398,1.5284351597663417,0.810841983942881,0.36318206982084245,-1.3781431919032996,0
0.9856633433339579,-0.15531736767805343,0.06340823863977445,-0.36658489314149356,0.09353197054104259,-1.1303087589065248,1.006817540174607,-0.08493747192667787,0.2614450874615916,-1.131529354084991,0
0.9128050999432857,1.9070319394129949,-0.003439617220334181,-0.7608967992317671,-0.04595751565494735,-0.7824983496436678,0.8998190541045092,1.6681662611513646,0.26144508746159273,-0.6566819583086428,0
2.009141830854578,-1.068011856625855,1.0935185242491259,-2.047987179289294,1.156807730020026,-1.2174147167818836,1.8360558072178768,-1.3743169917389166,-2.1713957950422325,-0.7233111777836885,0
1.37353784923087,0.8743807031596519,-0.46396217925698036,-0.025156188195409324,-0.42675488584154064,-1.3245591344501595,1.448186295213773,1.0099040852472219,0.3631820698208412,-1.1136482011862505,0
1.3272680468942437,0.43344399088988134,-0.1280719295270852,-1.0498757676056314,-0.08195760349317914,-1.674618758587742,1.2609389445910932,0.6411867839675786,0.3631820698208413,-1.819760575732217,0
1.5393840850699987,0.28466268537257133,0.3601670008263082,-0.542586510965191,0.47805937598850673,-1.352981031503384,1.5418099705251038,0.21817981869584047,0.23932835216610157,-1.1195221077448543,0
1.6768578689196236,0.43523252769089493,0.6522994457675277,-0.9786361036384185,0.7040129375163063,-1.4564449157403179,1.6086840243189104,0.4285522666652129,0.36318206982084517,-1.2222125452090258,0
1.1263617030990096,0.02615672680671374,-0.982934879288386,0.2857064401008826,-0.8891504618587668,-1.2697600811389125,1.2341893230735643,0.342593632011062,0.3631820698208424,-1.1782724530361695,0
1.6282125653908759,-0.7937210209440321,0.29183632886582306,-0.7330156685729934,0.33734055775368554,-1.7397437529147322,1.6354336458364394,-0.7873099998243973,0.4273206021777636,-1.7013321293849386,0
1.3569665818785557,1.3696806154045769,-1.3750837299862466,0.43930007365489726,-1.346073282010645,-1.5588864295796394,1.448186295213773,1.7292421331424666,0.3631820698208396,-1.4729575751100705,0
1.5288040416078743,0.47462193119240664,-0.9014141065716262,0.3554317334138946,-0.7590827942909583,-1.5619535407724314,1.622058835077677,0.7950074986118432,0.23490500510700554,-1.3722551857130247,0
1.4579969337847023,0.04583063161792088,0.2477548865869699,-0.9713846441644768,0.26244788492323023,-1.0675352164940117,1.448186295213773,-0.07136505592865604,0.3631820698208445,-0.6983661094124198,0
1.3963102241128302,0.5520697340644278,0.09058998976274275,-0.27516319001280387,0.09138188652890247,-1.4899786647815223,1.4615611059725306,0.5371315946493996,0.36318206982084444,-1.3863407177630431,0
1.6955852136591745,0.41566260757742246,0.2843236328995562,-0.5995720168755356,0.35464955347907007,-1.4902853759008048,1.7023076996302458,0.4115867466676814,0.1442263903954977,-1.2257177136450925,0
0.9907196310119784,0.6286024715963962,-0.4743898089461226,-0.28392739521584676,-0.4718148271671469,-1.0677396905735312,1.006817540174607,0.8379868159389231,0.3631820698208414,-0.995332551892426,0
1.1711718601248042,1.2221679231996239,0.2835589086014711,-0.3500360939230991,0.2957554639160931,-1.5788226523327868,1.1940648907972777,1.2756972318751798,0.24596337275474955,-1.6925339592155517,0
0.8269722315675,0.5853032434601009,-0.6227770209127866,0.4178105798504265,-0.5730546265228689,-1.1891972938081812,0.9265686756220337,0.724883349288721,0.3631820698208423,-1.245169565513167,0
1.0010802506692131,-0.46918477931730507,-0.2335403418422192,0.12698529173784,-0.1979115710485348,-1.0726470684819986,1.1004412154859469,-0.2772133652320161,0.363182069820846,-0.9498217607502297,0
1.4727937303669878,-0.7426229404777142,0.7936670769547015,-0.7187247054298315,0.848661161048592,-1.2713958737750595,1.474935916731293,-0.8110617278209389,0.36318206982084555,-1.0407079865704802,0
1.2804258346318071,1.041796066510832,0.1976149376754733,-0.07679928356053749,0.2464393312830773,-1.2677153403437025,1.3545626199024285,0.9918075305831893,0.363182069820847,-1.0993483547346736,0
0.9093897207192586,0.30600034534751486,-1.0693365495333236,-0.020242099874296073,-0.9869225462784905,-1.1186537363739129,0.9666931078983203,0.5846350506424813,0.36318206982084195,-1.1325417076397353,0
0.7131103571576874,-1.0797413305302126,0.1512679467795789,-0.5570421845373663,0.1537542368380364,-0.7035713549491033,0.7393213249993629,-0.9128548478061155,0.36318206982084444,-0.6301210721466505,0
0.4116315893969566,1.7709783608982868,0.5645601859278686,-0.8385627959814291,0.512741317763214,-0.17255217043665871,0.36482662375401226,1.2813524052076917,0.3631820698208451,-0.06689154513672492,0
0.6548676472061273,-0.5502512496704597,-0.30312072281240443,-0.09835990818669403,-0.1737382811242951,-0.48335277130647153,0.7259465142405962,-0.5848547945205483,0.23490500510700674,-0.3191508754803863,0
0.15428562691647602,1.3527103127344495,-0.3669384239310273,0.24293359592162675,-0.4043087888278703,-0.22121700136233693,0.25782813768391466,1.222538602549589,0.3631820698208439,-0.19891485635150202,0
1.0318472841817083,0.18479578166917293,0.33449590094150516,-0.025296275887300643,0.4082245211404217,-0.9853366365271226,1.08706640472718,0.2543729280239163,0.36318206982084106,-0.8300143704244726,0
0.9937152429570721,-1.9854896416694077,0.5605946456912015,-0.6065441450251337,0.6173818049774945,-0.7669583196001748,1.006817540174607,-1.842565343670728,0.17297814627963673,-0.5529058492049759,0
0.6990576934789592,-0.7229698326060539,0.5898585404270973,-0.6231920735949987,0.6223461190177161,-0.9177579532458876,0.6991968927230763,-0.64706170117815,-0.5590857920010622,-0.9946811489087329,0
0.815924719999292,-0.11700940503297719,0.891617403879375,-0.677456823373135,0.9211135586257949,-0.6592004796933427,0.8195701895519405,-0.3269788905580987,0.03143104038850565,-0.4991326738973058,0
0.7059647732504458,0.11595791176949533,0.9909498181961428,-1.1179851198812822,0.9811160671374529,-0.2426867797118947,0.6323228389292608,-0.19577886924387455,0.25259839334339684,0.026295740573979254,0
0.49168311752202765,0.3681831945922362,-0.36219595991678305,0.2362690898532498,-0.3553741304238277,-0.6338456938329085,0.5921984066529742,0.4918902079893218,0.36318206982084233,-0.5970151369580187,0
0.7592752176745727,-0.35621580369946626,0.6418707129644283,-0.30983945831085885,0.6773399641423546,-0.6495901979559165,0.7928205680344073,-0.4581789118723304,0.3631820698208441,-0.49421472236672725,0
0.8456423353144621,-0.30534648956816557,0.9912036498102169,-0.5763881616163545,1.0285289503538957,-0.8959814637770473,0.8463198110694605,-0.5034202985324082,-0.7913115126036953,-0.8739572825236628,0
0.17761133139339302,1.5860519744487571,-0.25294242127850636,0.18671496706342908,-0.30047188078104486,-0.41178684347461236,0.2845777592014413,1.5052972691750814,0.3631820698208445,-0.46385257550335107,0
1.6338221826638557,-0.5989160882098126,0.5754558511784474,-1.2304753964744937,0.5782613520497405,-1.331920201312865,1.5953092135601528,-0.7137927465017655,-0.5391807302351207,-1.0791407626084597,0
0.8360067682299288,-0.6749496991926544,-0.42969768382692636,0.01981725350711497,-0.367241208330679,-1.1016823877737834,0.9131938648632715,-0.3835306238831945,0.363182069820843,-1.1208249137122481,0
0.7736522469779343,0.46470179102861575,-0.20483344391914568,-0.014546864440304869,-0.22262899992973983,-0.7836229570810305,0.8463198110694605,0.4296833013317186,0.1398030433364001,-0.6859443339008485,0
0.6156480271224497,1.2289685224314024,0.17405963518799747,-0.2547202040875469,0.12876554620170633,-0.6485678275583214,0.645697649688023,1.1184834132314116,0.3631820698208424,-0.5872892110239777,0
0.3835453423703604,0.5699551020746169,-0.5034897515060704,0.45259758569270486,-0.5167216017892073,-0.6356859605485815,0.511949542100401,0.6592833386316113,0.3631820698208454,-0.6697410371722322,0
0.2387828721320268,0.7076100449344225,-0.7649794933328163,0.30123387266762053,-0.7171215408171996,-0.24238006859261002,0.3247021914777279,0.823283365274397,-0.20964137433233035,-0.1642861609412423,0
0.051394942751431937,0.49803928512202267,-0.6918608199632447,0.5376660657467348,-0.6843810129707711,-0.45574877057132956,0.17757927313133698,0.6728557546296406,0.2658684345206922,-0.5966570063132935,0
0.5772297809349107,-0.3292629700469063,-0.1057507993601265,-0.36174907524632943,-0.047674293538774386,-0.6714689244645177,0.578823595894212,-0.3066202665610592,0.8939837169125884,-0.6968912879385231,0
1.16269065305733,-0.7877522992941204,1.252054465243766,-0.7127459803788393,1.2848811611224826,-0.939943390873769,1.18069008003852,-1.0214341757903067,-0.6851511831853503,-0.7223044640816195,0
-0.08624102391051088,0.6203252896567965,-1.4162265098683273,1.199905750413101,-1.3789965077878255,-0.40749288780469467,0.09733040857876378,0.996331669249194,0.3631820698208399,-0.5508501229057859,0
0.8043906599941448,0.5469536869359325,-0.1440218821259228,-0.6840897043549156,-0.16327473247013627,-0.6452962422860077,0.8329450003106983,0.3697384640071072,0.3631820698208461,-0.49325876733870977,0
-1.552621691529602,-1.9391956542383844,-1.4032234224444742,1.5487307826396761,-1.350663547039663,1.498818955556644,-1.4140232071613852,-1.6955308370254707,-1.246916259690778,1.432460467969121,0
0.5123661961747713,0.9873912726565854,0.016338116509424343,-0.31907127733167095,-0.0237608263275809,-0.4373461034145661,0.5654487851354453,0.7791730132808145,0.3631820698208416,-0.34000705066394976,0
0.5308836572748495,1.7909642198026943,-1.3044037783631397,0.16793310917132867,-1.301631956260161,-0.5871233666626882,0.645697649688023,1.7529938611390083,-0.5723558331783551,-0.514944000865162,0
-0.10271688960852272,2.3010091621862503,-1.2244697762219583,0.8632545209265828,-1.291114880916418,-0.2762205287531101,0.08395559782000381,2.2879732583944365,0.36318206982084433,-0.3826161376060585,0
0.5868939685157288,0.5771300462182386,-0.535297819864883,-0.38178024960502616,-0.46739570370297207,-0.530075098476705,0.6189480281704941,0.6943454132931738,-0.38215190963714796,-0.4299514210878713,0
-0.09171707886746001,1.4005848675710195,-1.0702494667362845,0.8001498685352579,-1.125666270449039,-0.2353257128491893,0.03045635478495277,1.4939869225100606,0.36318206982084134,-0.349013895382222,0
0.7284986439966509,1.4653465373195382,-0.5765067943921631,0.040484595481010736,-0.6167066711400352,-0.6829194729176169,0.8061953787931694,1.3740972478608513,0.24817504628429848,-0.5460590680603458,0
0.20784411564179187,0.7058838989520453,-0.28846874402780315,-0.1595094408789524,-0.2930901657349913,-0.3428790786765019,0.17757927313133698,0.7859592212798382,0.6153128521894212,-0.423000302668789,0
0.6521868607202306,0.3327244126650665,0.09412285462530286,-0.2780672731155738,0.13661980709721566,-0.43192754030729463,0.6991968927230763,0.20121429869831808,-0.32907174492797575,-0.24599634646303611,0
0.9878766617137711,-1.3157865943856017,-0.11518437089402578,-0.48287623837446425,-0.03195800523099179,-0.9792024141415384,0.9934427294158447,-0.99428934379426,0.3631820698208429,-0.8975544261061615,0
0.843209593129752,-0.3488536870999257,1.0219362301594832,-0.7995940925584781,1.0274897890117138,-0.5197491574609683,0.8195701895519405,-0.5509237545254854,0.3631820698208462,-0.2971639098359358,0
0.5139784841324776,0.02567839719713949,0.05563840712977123,0.007960747656293315,0.14217308732550865,-0.568311751346877,0.5253243528591631,0.10620738671215164,-0.240604803746015,-0.5562897608085815,0
0.9187390828408869,-0.08171699862217319,0.42621618506779574,-1.058263284760095,0.46813360124644937,-0.89015395251075,0.8061953787931694,-0.08833057592618145,-0.1255977802094723,-0.8826200962289021,0
0.46636351847019675,0.048409452121714554,0.049360817842610365,-0.3423901745235274,0.1134079557389924,-0.5236341649718382,0.49857473134163877,0.014593578725499361,-0.18088961844819607,-0.5243428153441925,0
0.6292523030259599,-0.18143832374874566,-0.35226560167599635,-0.05638971877241239,-0.3111937459412226,-1.073873912959111,0.6858220819643096,0.014593578725487276,0.36318206982084317,-1.2590718023513354,0
-0.28017350677624886,1.5410473972696344,-0.8030597382836488,0.4716368941997947,-0.8500784821713725,0.14520054913680963,-0.17016580659648026,1.4487455358499828,0.23932835216610532,0.12040232227033403,0
0.10083208001088935,0.6725048109795427,0.4949146526210704,-0.5346457647016915,0.44792770868675585,-0.08309476064684893,0.09733040857876378,0.4749246879917934,0.48040076688693967,-0.09184789321333668,0
-0.019631588876639353,0.8075809333355547,-0.4340932726584424,0.28482012582062055,-0.44789085549231017,0.044190353854124516,0.09733040857876378,0.6321385066355676,0.49588248159378207,0.12047564035507938,0
0.30524920468445293,0.43804011452970404,0.07172286250483931,-0.20342565853242206,0.03616096151723205,-1.517684902556436,0.3380770022364879,0.8142350879423861,0.39193382570498214,-2.1359137970046818,0
-2.11564409456012,0.015675069275161747,-1.3069740630158972,1.6916843559151975,-1.365632256730302,-0.8235976396271081,-2.122888177375795,1.2157523945505804,0.3985688462936244,-2.446145172970821,0
0.49324770465258144,-0.7610698258556661,2.0981322999498704,-1.3153052702169388,2.0530907183284137,-2.6688739702518545,0.35145181299524564,-0.22405473590642394,0.5025175021824249,-3.7735690972763183,0
1.0904906810813366,-1.9135738247168153,1.6748360728057095,-1.7704000658938603,1.6746927542859016,-3.0740393588199666,0.8998190541045092,-1.3516962984088763,0.6153128521894236,-4.045474854405266,0
0.17953844481030112,-1.1137443266891134,1.3463189044666144,-1.3218867738281377,1.3144575527045061,-2.667851599854251,-0.009668077491338299,-0.4027582132137268,0.5025175021824245,-3.9244802750919128,0
0.2998590112163701,-0.5428267422522766,1.4742745206608752,-1.5495389206305101,1.4188995185532425,-2.559480337708858,0.04383116554371721,0.11525566404417174,0.5025175021824254,-3.7729599931876714,0
0.755087085050711,-1.6589776907857412,1.9369762433720616,-1.7042341035288435,1.9150589069313122,-2.538317270478574,0.578823595894212,-1.2295445544266648,0.31894859922986635,-3.4696769157142633,0
